{"_runtime":9.516999,"_wandb":{"runtime":40},"train_step":9,"loss":0.9432956662328341,"_timestamp":1.743627084410728e+09}