{"_wandb":{"runtime":52},"_timestamp":1.743626316973612e+09,"_runtime":9.869874,"train_step":9,"loss":0.9474085558077189}